<?xml version="1.0" encoding="UTF-8"?>
<project-private xmlns="http://www.netbeans.org/ns/project-private/1">
    <editor-bookmarks xmlns="http://www.netbeans.org/ns/editor-bookmarks/1"/>
    <editor-bookmarks xmlns="http://www.netbeans.org/ns/editor-bookmarks/2" lastBookmarkId="0"/>
    <open-files xmlns="http://www.netbeans.org/ns/projectui-open-files/2">
        <group>
            <file>file:/F:/project%20vc%20mall/v.c.%20mall/src/profile_page.java</file>
            <file>file:/F:/project%20vc%20mall/v.c.%20mall/src/fooditem.java</file>
            <file>file:/F:/project%20vc%20mall/v.c.%20mall/src/search_id.java</file>
            <file>file:/F:/project%20vc%20mall/v.c.%20mall/src/add_product.java</file>
            <file>file:/F:/project%20vc%20mall/v.c.%20mall/src/login_page.java</file>
            <file>file:/F:/project%20vc%20mall/v.c.%20mall/src/m.java</file>
            <file>file:/F:/project%20vc%20mall/v.c.%20mall/src/deleteItem.java</file>
            <file>file:/F:/project%20vc%20mall/v.c.%20mall/src/home_page.java</file>
            <file>file:/F:/project%20vc%20mall/v.c.%20mall/src/order.java</file>
            <file>file:/F:/project%20vc%20mall/v.c.%20mall/src/NEW_ACCOUNT.java</file>
            <file>file:/F:/project%20vc%20mall/v.c.%20mall/src/bookticket.java</file>
            <file>file:/F:/project%20vc%20mall/v.c.%20mall/src/game_page.java</file>
            <file>file:/F:/project%20vc%20mall/v.c.%20mall/src/user_detail.java</file>
            <file>file:/F:/project%20vc%20mall/v.c.%20mall/src/restaurant_page.java</file>
        </group>
    </open-files>
</project-private>
